{
  "run_id": "e414f5a8",
  "timestamp": "2026-03-24T17:15:34.369195",
  "params": {
    "model_type": "random_forest",
    "train_samples": 365,
    "val_samples": 78,
    "training_time_sec": 0.164527
  },
  "metrics": {
    "mse": 0.0008401737624793382,
    "mae": 0.022961726631865458,
    "r2": -0.025181968525099352,
    "directional_accuracy": 0.5256410256410257,
    "ic": 0.0
  },
  "artifact_path": "C:\\Users\\Matthias\\Project\\montecarlo\\data\\ml_artifacts\\random_forest_e414f5a8.joblib"
}