{
  "run_id": "6a8f4b7f",
  "timestamp": "2026-03-24T12:59:16.261391",
  "params": {
    "model_type": "random_forest",
    "train_samples": 365,
    "val_samples": 78,
    "training_time_sec": 0.172517
  },
  "metrics": {
    "mse": 0.0008401737624793382,
    "mae": 0.022961726631865458,
    "r2": -0.025181968525099352,
    "directional_accuracy": 0.5256410256410257,
    "ic": 0.0
  },
  "artifact_path": "C:\\Users\\Matthias\\Project\\montecarlo\\data\\ml_artifacts\\random_forest_6a8f4b7f.joblib"
}