{
  "run_id": "baa3f6d5",
  "timestamp": "2026-03-24T19:54:06.817685",
  "params": {
    "model_type": "random_forest",
    "train_samples": 365,
    "val_samples": 78,
    "training_time_sec": 0.182056
  },
  "metrics": {
    "mse": 0.0008401737624793382,
    "mae": 0.022961726631865458,
    "r2": -0.025181968525099352,
    "directional_accuracy": 0.5256410256410257,
    "ic": 0.0
  },
  "artifact_path": "C:\\Users\\Matthias\\Project\\montecarlo\\data\\ml_artifacts\\random_forest_baa3f6d5.joblib"
}